{"loss": 0.322955846786499, "accuracy": 0.8946999907493591}