{"loss": 0.3127196431159973, "accuracy": 0.8963000178337097}