{"loss": 0.31530946493148804, "accuracy": 0.8985000252723694}