{"loss": 0.3175765573978424, "accuracy": 0.8942000269889832}