epoch,loss,accuracy
1,0.5456580519676208,0.8084999918937683
2,0.39335885643959045,0.8570666909217834
3,0.35754159092903137,0.8684499859809875
4,0.3367200791835785,0.8758833408355713
5,0.3222532272338867,0.8782333135604858
6,0.31019583344459534,0.8846833109855652
7,0.29757481813430786,0.8871166706085205
8,0.29001274704933167,0.8911166787147522
9,0.2784237265586853,0.8928666710853577
10,0.279967337846756,0.8927000164985657
