epoch,loss,accuracy
1,0.5086098313331604,0.8212166428565979
2,0.3672923147678375,0.8672500252723694
3,0.33273831009864807,0.8780999779701233
4,0.31348374485969543,0.8830333352088928
5,0.2961750626564026,0.8897333145141602
6,0.28580471873283386,0.892133355140686
7,0.27234119176864624,0.8970333337783813
8,0.2685436010360718,0.8983166813850403
9,0.2573242485523224,0.903083324432373
10,0.25763148069381714,0.9022166728973389
11,0.2472962588071823,0.9052166938781738
