epoch,loss,accuracy
1,0.4806908071041107,0.8279833197593689
2,0.36121708154678345,0.8697999715805054
3,0.3278031349182129,0.8785833120346069
4,0.3106452524662018,0.8853166699409485
5,0.2914065420627594,0.8895000219345093
6,0.28026843070983887,0.8943333625793457
7,0.27226778864860535,0.8962666392326355
8,0.2617403566837311,0.8999000191688538
9,0.2516675889492035,0.903083324432373
10,0.2472652792930603,0.9044333100318909
