step	accuracy
0	0.8222166895866394
1	0.8676833510398865
2	0.8792666792869568
3	0.8864499926567078
4	0.8898833394050598
5	0.8934666514396667
6	0.8948666453361511
7	0.8983500003814697
8	0.9014833569526672
9	0.9039166569709778
10	0.904449999332428
