step	accuracy
0	0.8084999918937683
1	0.8570666909217834
2	0.8684499859809875
3	0.8758833408355713
4	0.8782333135604858
5	0.8846833109855652
6	0.8871166706085205
7	0.8911166787147522
8	0.8928666710853577
9	0.8927000164985657
