step	accuracy
0	0.8212166428565979
1	0.8672500252723694
2	0.8780999779701233
3	0.8830333352088928
4	0.8897333145141602
5	0.892133355140686
6	0.8970333337783813
7	0.8983166813850403
8	0.903083324432373
9	0.9022166728973389
10	0.9052166938781738
